name,url,username,password,note
http://162.254.149.214:3080,http://162.254.149.214:3080/v3.1.1.1601061649/v1/main.htm,Password,Vantiger6761666,
http://192.168.0.1,http://192.168.0.1/,admin,admin,
http://192.168.1.1,http://192.168.1.1/,6241468,f2ydw$16Q5,
http://192.168.1.1,http://192.168.1.1/,admin,admin,
http://192.168.1.1,http://192.168.1.1/,admin,password,
http://192.168.1.1,http://192.168.1.1/,admin,f2ydw$16Q5,
http://192.168.1.1,http://192.168.1.1/,admin,Vantiger6761666,
http://192.168.1.152:32400,http://192.168.1.152:32400/web/index.html,Stevenvantiger@hotmail.com,Vantiger6761666,
2020.net,https://lowes.2020.net/planner/UI/Pages/Popup/VPUICreateAccount.htm,Vantigerconstruction@hotmail.com,Vantiger6761666,
7bitcasino.com,https://7bitcasino.com/,stevenvantiger1@gmail.com,S6u61666,
abcmouse.com,https://www.abcmouse.com/subscription,stevenvantiger@hotmail.com,vJEGV4x-?_e#/bm,
adultfriendfinder.com,https://adultfriendfinder.com/go/page/landing_page_457_step_cp,steven01983xxx,S6761666,
advanceautoparts.com,https://shop.advanceautoparts.com/,vantigerconstruction@hotmail.com,27f&LAKKu*w$%_g,
adxpartner.com,https://if.adxpartner.com/landing/mc6105,Steven,t*BS8EL-Wu?-Yz&,
Albert: Budgeting and Banking,android://lmzWcDA0Xqm9qF8tZ_wYWdCuOlYEU3a56K3C0T3ps1SzER2831A_uJO6LSR55GG2KUIgiBwTj-jVu6JULFwhxw==@com.meetalbert/,stevenvantiger1@gmail.com,Vantiger6761666,
alpha-wars.com,http://uk.alpha-wars.com/,pie1010,moonman1010,
alphawars.com,http://uk.alphawars.com/,pie1010,moonman1010,
amazon.com,https://www.amazon.com/ap/signin,13198349729,Tigger1983!,
amazon.com,https://www.amazon.com/ap/forgotpassword,3198349729,S6761666,
amazon.com,https://www.amazon.com/ap/signin,Incrazed@hotmail.com,6761666,
amazon.com,https://www.amazon.com/,brea,6761666,
amazon.com,https://www.amazon.com/,breanna.vantiger@Hotmail.com,S6761666,
amazon.com,https://na.account.amazon.com/,breanna.vantiger@hotmail.com,Monkey!88,
amazon.com,https://na.account.amazon.com/ap/signin,breanna.vantiger@hotmail.com,Monkey!88,
amazon.com,https://www.amazon.com/ap/signin,breanna.vantiger@hotmail.com,Monkey!88,
amazon.com,https://www.amazon.com/,breanna.vantiger@hotmail.com,Monkey!88,
amazon.com,https://www.amazon.com/ap/signin,breanna.vantiger@hotmail.com,Monkey!88,
amazon.com,https://na.account.amazon.com/ap/signin,incrazed@hotmail.com,S6761666,
amazon.com,https://www.amazon.com/,incrazed@hotmail.com,S6761666,
amazon.com,https://www.amazon.com/ap/signin,incrazed@hotmail.com,S6761666,
amazon.com,https://www.amazon.com/ap/signin,stevenvantiger1@gmail.com,Tigger1983,
amazon.com,https://www.amazon.com/,stevenvantiger1@gmail.com,6761666,
amazon.com,https://smile.amazon.com/ap/signin,stevenvantiger@hotmail.com,6761666,
amazon.com,https://www.amazon.com/ap/signin,stevenvantiger@hotmail.com,6761666,
amcplus.com,https://www.amcplus.com/create,stevenvantiger1@gmail.com,S6761666,
americanflings.com,https://www.americanflings.com/landing59,Tigger198337,$TN@U5GPT34erj?,
americanmuscle.com,https://www.americanmuscle.com/login.html,stevenvantiger@hotmail.com,s6761666,
ancestry.com,https://www.ancestry.com/wiz/Tree/Tree~Tree/b435eb7a-da6e-46ad-ba8a-25918d903503,stevenvantiger@gmail.com,Vantiger6761666,
ancestry.com,https://www.ancestry.com/checkout/MLI,stevenvantiger@hotmail.com,vg*7zNR4BaLzGJ-,
apple.com,https://iforgot.apple.com/password/reset,,Monkey!88,
apple.com,https://idmsa.apple.com/appleauth/auth/authorize/signin,3198349729,Monkey!88,
arcgames.com,http://community.arcgames.com/en/news/neverwinter/detail/3034903,incrazed@hotmail.com,S6761666,
asus.com,https://account.asus.com/global/resetpwd.aspx,T6TNCL,$SVantiger6761666,
Auction.com - Homes for Sale,android://bGV4f-bmihFO2NAc2A6RqdW4KHt8ERtBc_ZenvlKC72i8ufOnWOHyXKxathmitrxg-UYg6DDwgRlC3BzdojAsg==@com.auction.resi.buyer/,stevenvantiger1@gmail.com,Vantiger6761666,
avanquest.com,https://accounts.avanquest.com/account/create-password,,F+Cee3*T#g-Km4X,
avg.com,https://id.avg.com/sso,stevenvantiger1@gmail.com,JS89JKPATwNcGrP,
b12.io,https://b12.io/signup/,stevenvantiger1@gmail.com,btHpqwF-!8PbS6s,
banggood.com,https://usa-m.banggood.com/login.html,Stevenvantiger@hotmail.com,SdckfZZW4v4B9ZU,
bankofamerica.com,android://fZG3j10tG8Aj2YQattMXkaFE5NpFj6YIZoWkZMiLNpJRdXoI4itO9xmfZVheHJr6W6g1LNKsgtHD6pTHCHpUNw==@com.infonow.bofa/,Vantiger,Monkey88,
bankofamerica.com,https://secure.bankofamerica.com/sparta/auth/enroll-prospect/enroll-prospect-entry/,Vantiger,Monkey88,
bankofamerica.com,https://staticweb.bankofamerica.com/cavmwebbactouch/common/index.html,Vantiger,Monkey88,
bankofamerica.com,https://staticweb.bankofamerica.com/cavmwebbactouch/common/index.html,vantiger ,Monkey88,
battle.net,https://eu.battle.net/login/en/login.frag,incrazed@hotmail.com,Vantiger6761666,
battle.net,https://eu.battle.net/login/en/index,incrazed@hotmail.com,Vantiger6761666,
battle.net,https://us.battle.net/login/en/,incrazed@hotmail.com,Vantiger6761666,
benaughty.com,https://m.benaughty.com/aff.php,incrazed@hotmail.com,S6761666,
bespokepost.com,https://www.bespokepost.com/start/questionnaire,,Biy*daGu!5Bqv-N,
bestbuy.com,https://www.bestbuy.com/identity/signin,,stevenvantiger1@gnail.com,
bettysweeps.com,https://bettysweeps.com/register,stevenvantiger1@gmail.com,Tigger1983!,
biblionasium.com,https://www.biblionasium.com/,zvan,jaguars,
big-d-vapor.myshopify.com,https://big-d-vapor.myshopify.com/account/login,stevenvantiger@hotmail.com,6761666,
bigdvapor.net,https://www.bigdvapor.net/account/activate/fa9b0ccf07a4d176c5e3e22593c50450-1424611987,,6761666,
bigdvapor.net,https://www.bigdvapor.net/cart,stevenvantiger@hotmail.com,6761666,
bigosext10.com,https://bigosext10.com/l/25/bumblefuck/2-w3r/en/,incrazed@hotmail.com,VWGmp4skq996vvm,
bigosext8s.com,https://bigosext8s.com/l/25/onlyfucks2/1-w3r/en/,stevenvantiger1@gmail.com,s6761666,
bikeindex.org,https://bikeindex.org/users/new,stevenvantiger1@gmail.com,Vantiger6761666!!,
blinkhealth.com,https://www.blinkhealth.com/checkout/subscriptions/login-or-signup,stevenvantiger@hotmail.com,e?FYi!.T6$VUkj_,
bluebyadt.com,android://AGUKkgqjk0OdPMx6H02SCtLrxJZQcBR_6T613EjQeTb1VU5cCRPXFf2h0hOsZiA58X4mHSOjcv9r0wjyTkPuLw==@com.lifeshield.phone/,Stevenvantiger1@gmail.com,87654321,
bluebyadt.com,https://login.bluebyadt.com/login,stevenvantiger1@gmail.com,S6761666!!,
books-online.club,https://books-online.club/7711-1-3c88c499/signup-blitz/,vantigerconstruction@hotmail.com,xy6u8gMu8tuy!Fz,
boostmobile.com,https://myaccount.boostmobile.com/primary/my-account-home,3015005510,1010,
boostmobile.com,https://myaccount.boostmobile.com/primary/_3lchOh-imekqtT53,Stevenvantiger@hotmail.com,1010,
brainpop.com,https://www.brainpop.com/science/energy/potentialenergy/,sigonella,dodea,
brave.com,https://api-dashboard.search.brave.com/register,stevenvantiger1@gmail.com,+AS5d_zajLY4_HM,
bravodate.com,https://bravodate.com/land/loader/25/,incrazed@hotmail.com,S6761666,
briarcliff.edu,https://learn.briarcliff.edu/d2l/login,Breanna.Vantiger@briarcliff.edu,BV0435766!,
briarcliff.edu,http://advisor.briarcliff.edu/WALIVE318/WebAdvisor,vantigerb,BV0435766!,
briarcliff.edu,https://bcyou.briarcliff.edu/Login/tabid/133/Default.aspx,vantigerb,BV0435766!,
briarcliff.edu,https://learn.briarcliff.edu/d2l/login,vantigerb,BV0435766!,
briarcliff.idm.oclc.org,https://briarcliff.idm.oclc.org/login,breanna.vantiger@briarcliff.edu,BV0435766!,
briarcliff.idm.oclc.org,https://login.briarcliff.idm.oclc.org/login,breanna.vantiger@briarcliff.edu,BV0435766!,
callsmstracker.com,https://callsmstracker.com/c/login/,stevenvantiger1@gmail.com,6761666,
cam2cam.com,https://www.cam2cam.com/signup/register,Incrazed@hotmail.com,s6761666,
camel.com,https://mobile.camel.com/login,stevenvantiger1@gmail.com,Tigger1983,
camel.com,https://www.camel.com/registration.html,stevenvantiger1@gmail.com,Tigger1983,
camster.com,https://www.camster.com/register/,Tiggershow83,baU3CBGe@9UiFGv,
carnivalciti.com,https://www.carnivalciti.com/signup,stevenvantiger1@gmail.com,BuQheMT*p2@bsHQ,
caseys.com,https://www.caseys.com/login,vantigerconstruction@hotmail.com,Vantiger6761666,
casinocontroller.com,https://www.casinocontroller.com/duckyluck/engine/Interface/UnifiedRegistration.php,Vantiger1983,S6761666,
casualdating.com,https://ww2.casualdating.com/landing/fm4000,Steven,aF9Cf83M7ZSDynT,
ccardona420.weebly.com,http://ccardona420.weebly.com/401/login.php,,jaguars,
chanced.com,https://www.chanced.com/,incrazed ,QWRywjagT72@m@c,
chime.com,https://member.chime.com/enroll/,stevenvantiger1@gmail.com,7dsWu(Fk*$4TinY,
chumbacasino.com,https://login.chumbacasino.com/,stevenvantiger1@gmail.com,Sv6761666,
circleci.com,https://auth.circleci.com/u/signup,stevenvantiger1@gmail.com,rUH4X.cwNVSwRa@,
code.org,http://studio.code.org/users/sign_in,zvan2815@student.dodea.edu,moonman1010,
codemaker.ai,https://portal.codemaker.ai/,stevenvantiger1@gmail.com,AiBMuGu@N5trFts,
coinbase.com,https://login.coinbase.com/signin,s,6nrz_9FWy5pf23_,
coinbase.com,android://IUqwumagVCrdzDit1EJKOP3SSuc9bsAwFKHxyszD3eUfcPLDFfoaNreGY51_Uz4nWHGxFR2o9DzNZCFDjLQRrw==@com.coinbase.android/,stevenvantiger1@gmail.com,$SVantiger6761666!!,
coinbase.com,https://login.coinbase.com/signin,stevenvantiger1@gmail.com,6nrz_9FWy5pf23_,
CoinZoom Buy, Spend, Send BTC,android://zq3hPxRIZANuMUVpmwUzyzRr9dAhtCVv9nG5jgi59DwWKtRJZHOQ29gJOwevu2vHXbjeX1_dUBbq5e_qj7fRdA==@com.czprime/,stevenvantiger1@gmail.com,Vantiger1!,
CoinZoom Buy, Spend, Send BTC,android://SV2uJodXJqzpb2-jmP34nfwVWti0eyEZk52uEYL5kNd4M9v651e4NrsN6YOE0gdF52ddjZSJjDMNj8c0VwESfw==@com.coinzoom.android/,stevenvantiger1@gmail.com,Svantiger1!,
CoinZoom Buy, Spend, Send BTC,android://SV2uJodXJqzpb2-jmP34nfwVWti0eyEZk52uEYL5kNd4M9v651e4NrsN6YOE0gdF52ddjZSJjDMNj8c0VwESfw==@com.coinzoom.android/,stevenvantiger@hotmail.com,Svantiger1!,
composer.trade,https://app.composer.trade/register,stevenvantiger1@gmail.com,#g!za7UtVxT*cNs,
consumercardaccess.com,https://idp.consumercardaccess.com/main/fsrcard/Home,stevenvantiger,Vantiger6761666,
craigslist.org,https://accounts.craigslist.org/pass,VantigerConstruction@hotmail.com,Vantiger6761666,
craigslist.org,https://post.craigslist.org/k/rNkCVkaM6BG44vJv9UU-qg/TgGBc,VantigerConstruction@hotmail.com,Vantiger6761666,
creditkarma.com,https://selfemployed.intuit.com/home,(319) 512-3358,Monkey!88,
creditkarma.com,https://accounts.creditkarma.com/checkpoint/identity-match,52241,6112,
creditkarma.com,https://c10.qbo.intuit.com/qbo10/login,breanna.vantiger@hotmail.com,Monkey!88,
creditkarma.com,https://c16.qbo.intuit.com/qbo16/login,breanna.vantiger@hotmail.com,Monkey!88,
creditkarma.com,https://selfemployed.intuit.com/login,breanna.vantiger@hotmail.com,Monkey!88,
creditkarma.com,https://www.creditkarma.com/signup,stevenvantiger1@gmail.com,kKKZQv8E5m#2N_W,
cricketwireless.com,https://www.cricketwireless.com/a/MjMxMDA3MTM%3DMzU2ODY1MDkyMDAzNzM2,3195123358,6112,
cricketwireless.com,android://9V-3h4GWlW5Agzj8Md31EkMPqvychPBVyOToBzPhQc5i8q9-Z6X3YzWthZyTBqTdSoKvELpLbluoMRTa00b5zA==@com.mizmowireless.acctmgt/,3195193241,Vantiger6761666,
cricketwireless.com,https://www.cricketwireless.com/a/MDk0OTI5Mjk%3DMzU2ODY1MDkyMDAzNzM2,stevenvantiger@hotmail.com,1010,
crowncoinscasino.com,https://crowncoinscasino.com/,stevenvantiger1@gmail.com,S6761666,
crushnearby.com,https://www.crushnearby.com/landing5,Steventiger,6761666,
cryptoharvest.net,https://app.cryptoharvest.net/signup,stevenvantiger1@gmail.com,S6761666,
cupid.com,https://m.cupid.com/aff.php,52241,S6761666,
daddario.com,https://www.daddario.com/create-account/,stevenvantiger1@gmail.com,Sv6761666!,
datadoghq.com,https://us5.datadoghq.com/signup,vantigerconstruction@hotmail.com,aavXetvSD7#ee-b,
date-search.com,https://mobile.date-search.com/signup,Stevenvantiger,HvM6uFL7S65@KaE,
date4you.net,https://bl.date4you.net/landing/da4002,Steven,ErzPrip@w5YkXuy,
datey-ou.com,https://www.datey-ou.com/landing/sa8301,Tigger123456,5Ah(22$#cnFBYYr,
decks.com,https://www.decks.com/register,stevenvantiger@hotmail.com,6761666,
dfas.mil,https://mypay.dfas.mil/,vantigerbm,Freedom1988!!,
dhgate.com,https://secure.dhgate.com/usr/signin.do,stevenvantiger@hotmail.com,6761666,
dingdingding.com,https://dingdingding.com/,Stevenvantiger@hotmail.com,Svantiger6761666!!,
dingdingding.com,https://dingdingding.com/,stevenvantiger1@gmail.com,S6761666,
dirtcheapejuice.com,https://www.dirtcheapejuice.com/checkout/accessAccountSave.do,stevenvantiger@hotmail.com,6761666,
discordapp.com,https://discordapp.com/login,Incrazed@hotmail.com,Vantiger6761666,
discordapp.com,https://discordapp.com/channels/@me,zacheryvantiger@hotmail.com,moonman1010,
discover.com,https://bank.discover.com/web/deposits/originations/registration,Vantigg,TD_2bJgqQ.zQ5S,
discover.com,https://bank.discover.com/web/deposits/originations/registration,Vantigger1,TD_2bJgqQ.zQ5S,
disneyplus.com,https://www.disneyplus.com/login/password,Breanna.vantiger@hotmail.com,Monkey!88,
disneyplus.com,android://0mxF7gRbL1Erv-6PlnR82jAP6lGaonT58okn_6fDdiqJuSFgX4aVoIyNFwhPQzm2smYltWO3qwuGjil466nBIQ==@com.disney.disneyplus/,Stevenvantiger@hotmail.com,S6761666,
disneyplus.com,android://0mxF7gRbL1Erv-6PlnR82jAP6lGaonT58okn_6fDdiqJuSFgX4aVoIyNFwhPQzm2smYltWO3qwuGjil466nBIQ==@com.disney.disneyplus/,breanna.vantiger@hotmail.com,Monkey!88,
disneyplus.com,https://www.disneyplus.com/login/password,breanna.vantiger@hotmail.com,Monkey!88,
divorce-education.com,https://online.divorce-education.com/,Vantigerconstruction@hotmail.com ,S6761666,
diyonline.com,https://lowestools.diyonline.com/servlet/GIB_Base/lowes_homeuser.html,breanna.vantiger@hotmail.com,4r4M@L4K4iGApae,
diyonline.com,http://tools.diyonline.com/servlet/GIB_Base/usp_register.html,vantigerconstruction@hotmail.com,6761666,
dominos.com,https://www.dominos.com/en/pages/order/payment.jsp,Stevenvantiger@hotmail.com,Vantiger6761666,
dominos.com,https://www.dominos.com/en/,steven,Vantiger6761666,
dominos.com,https://www.dominos.com/en/pages/order/,stevenvantiger@hotmail.com,6761666,
dovly.com,https://app.dovly.com/registration/227/free,stevenvantiger1@gmail.com,MY8?*fc!3xWJj$*,
download-beststream.live,https://download-beststream.live/en_us/unlock-content-now,stevenvantiger1@gmail.com,6761666,
dragonflow.com,android://qSc8ysAbW6SdOXFSu0MSuq2Z6KBuGsEu7Mb8zlVaNjT_PcNeTwcTYgezIW5Fqf4J_B2U-3FUxSLjMMAQtLqczg==@com.dragonflow/,admin,Vantiger6761666,
drakecasino.eu,https://m.drakecasino.eu/secure_signup.asp,Incrsz3d,u_yjFBC?W5Ngn2W,
dream-singles.com,https://www.dream-singles.com/members/new/aff80.php,stevenvantiger1@gmail.com,2gqE5YX-Dm5$4#q,
dropbox.com,https://www.dropbox.com/login,VanTigerConstruction@hotmail.com,Vantiger6761666!,
dtftonight.com,http://www.dtftonight.com/,st3v3nwww83,6761666,
duckyluck.ag,https://www.duckyluck.ag/auth/,vantiger1983,S6761666,
ea.com,https://signin.ea.com/p/web/login,stevenvantiger@hotmail.com,6761666,
easy-firmware.com,https://easy-firmware.com/index.php,Vantiger1,yYvfG67RYCTsC@v,
eb.com,http://quest.eb.com/failedlogin,sigonellae,dodea,
ebay.com,https://signin.ebay.com/ws/eBayISAPI.dll,bbreezy88@hotmail.com,Monkey88,
edline.net,https://www.edline.net/InterstitialLogin.page,vantiger1010,Moonman1010,
eforms.com,https://eforms.com/sign-in/,vantigerconstruction@hotmail.com,zEy6ZgQUPqN42Nm,
email.lge.com,android://eu7THEc4Go3BxPZWVayHz_ZJetJKxeHRpbLxr8obNqzTo0QHX2D8Euu5uRBz_jQXKiv-8CSDZvqvFl3n_N9qbg==@com.lge.email/,stevenvantiger1@gmail.com,Vantiger6761666,
enterprisedb.com,https://www.enterprisedb.com/accounts/login,stevenvantiger1@gmail.com,P-Qf3REDTXsC6KG,
enterprisedb.com,https://www.enterprisedb.com/accounts/set-password,tigger,P-Qf3REDTXsC6KG,
epactnetwork.com,https://www.epactnetwork.com/sign-up,stevenvantiger1@gmail.com,4pjznNGq!7.q!rY,
eportalnow.net,http://perkins.sigoes.mdso.eportalnow.net/401/login.php,,ses5555,
eportalnow.net,http://russo.sigoes.mdso.eportalnow.net/401/login.php,,ses5555,
eportalnow.net,http://arnold.sigmhs.mdso.eportalnow.net/401/login.php,,jaguars,
eportalnow.net,http://schlechter.sigmhs.mdso.eportalnow.net/401/login.php,,jaguars,
eportalnow.net,http://sigmhs.mdso.eportalnow.net/401/login.php,,jaguars,
etrade.com,https://us.etrade.com/etx/pxy/login,Vantiger1,Svantiger6761666!!,
evga.com,https://secure.evga.com/US/signup.asp,Incrazed,Vantiger6761666,
experiandirect.com,https://usaa.experiandirect.com/credit,,478,
extensionshub.com.br,https://extensionshub.com.br/auth/,,Tigger1983!,
faceb-vehicle-items.com,http://faceb-vehicle-items.com/e59a9519ab/,Stevenvantiger@hotmail.com,Monkey88,
facebook.com,https://accountscenter.facebook.com/personal_info/account_ownership_and_control/deletion_and_deactivation/,+13194235976,$Sv6761666!!,
facebook.com,https://m.facebook.com/,+13194235976,$Sv6761666!!,
facebook.com,https://accountscenter.facebook.com/personal_info/account_ownership_and_control/deletion_and_deactivation/,+13198349729,Tigger1983!!,
facebook.com,https://m.facebook.com/recover/password/,+13198349729,Tigger1983!!,
facebook.com,https://accountscenter.facebook.com/personal_info/account_ownership_and_control/deletion_and_deactivation/,Stevenvantiger@hotmail.com,Tigger6761666!!,
facebook.com,https://m.facebook.com/login/,Stevenvantiger@hotmail.com,Tigger6761666!!,
facebook.com,https://m.facebook.com/,Stevenvantiger@hotmail.com,Tigger6761666!!,
facebook.com,https://www.facebook.com/,Stevenvantiger@hotmail.com,Tigger6761666!!,
facebook.com,android://zQxb6hXv1MJiC1Yyotdhi8HP-y7fwPcOLwPOWTwWKpP2VXcbsuIiI4iJ1KV0Dz3LzVsUuKJmYCBIUAxnsPB9FA==@com.facebook.katana/,stevenvantiger1@gmail.com,Tigger1983!@#$,
facebook.com,https://m.facebook.com/login.php,stevenvantiger@hotmail.com,Freedom1988!!,
facebook.com,https://www.facebook.com/r.php,zacheryvantiger@hotmail.com,Moonman1010,
familysearch.org,https://ident.familysearch.org/cis-web/oauth2/v3/authorization,stevantiger,S!GHvpru#T@cS3%,
familysearch.org,https://www.familysearch.org/register/custom/3,stevantiger,S!GHvpru#T@cS3%,
fhea.com,https://fhea.com/account/login.aspx,254974,6JT2HW,
fhea.com,https://www.fhea.com/account/login.aspx,254974,6JT2HW,
firebasestorage.googleapis.com,https://firebasestorage.googleapis.com/,stevenvantiger1@hotmail.com,Vantiger6761666,
flirt4free.com,https://studios.flirt4free.com/login.php,Tigger2show,dTPF6jkj6qSfc42,
flirt4free.com,https://www.flirt4free.com/promos/girls/,Tigger2show,dTPF6jkj6qSfc42,
flirtify.com,https://flirtify.com/,vantigger,PWT9biJF5LCF6Xt,
flirtymilfs.com,https://m.flirtymilfs.com/aff.php,stevenvantiger1@gmail.com,xuyXESCu9HHh9YA,
forhims.com,https://www.forhims.com/c/e/start-visit-step,stevenvantiger1@gmail.com,7qzJAQfyF2hL7nF,
fortunecoins.com,https://www.fortunecoins.com/signup,VanTiger,S6761666!!,
freecreditscore.com,https://www.freecreditscore.com/c/login/,incrazed,Monkey88,
freecreditscoresnow.com,https://www.freecreditscoresnow.com/signup366.asp,6112,n8wL76zHMYXDRsQ,
fsafeds.com,https://www.fsafeds.com/,bbreezy88,Monkey!88,
fuckforfree.org,https://www.fuckforfree.org/,incraz3d,f3xrLuETacg4yFa,
funmarten.com,https://signup.funmarten.com/en/html/sf/registration/eone.html,stevenvantiger@gmail.com,MeumrUZjTKhvW95,
FWB Hookup & NSA Dating: XFun,android://FWYtVKld1IQAfotOTSsxUX0wXQKnQ8EsOavwp3Y2M7tbCuLnJ8E-qOUh4iErM_uZAl7OzeflOdzJbBmdi7a4Lw==@com.fwbhookup.xpal/,stevenvantiger1@gmail.com,YIqk5n@Y693jIKh,
gearboxsoftware.com,https://login.shift.gearboxsoftware.com/login,Stevenvantiger@hotmail.com,Vantiger6761666,
genealogybank.com,https://www.genealogybank.com/sign-up,stevenvantiger1@gmail.com,Wn_Lnw8iy%4%N6V,
getcody.ai,https://getcody.ai/auth/signup,stevenvantiger1@gmail.com,tpJ5DcPv/+Z#WUE,
getpostman.com,https://identity.getpostman.com/signup,stevenvantiger1@gmail.com,"""YXr4n(u-uXsNq9",
github.com,https://github.com/signup,Vantiger1,$SVantiger6761666!!,
go2bank.com,https://secure.go2bank.com/enroll/acquisition/create-user,Vantiger1,$SVantiger6761666!!,
go2bank.com,https://secure.go2bank.com/account/auth/login,st******,$SVantiger6761666!!,
go2bank.com,https://secure.go2bank.com/account/auth/login,st******om,SVantiger6761666,
go2bank.com,https://secure.go2bank.com/account/auth/login,stevenvantiger1@gmail.com,SVantiger6761666,
go2bank.com,android://s4L7WAJz9YsDun_iKC6TdIBE2NzWZ6njDOhRHcoOZKRlhLmi18SMJ1aJDc6iO-Yfgr1QtB1MEuX1s_eiAoQHsw==@com.greendotcorp.go2bank/,stevenvantiger1@gmail.com,$SVantiger6761666!!,
gofundme.com,android://r0Qd4IL9afy_lzQXPB4ztXbXx82T8EIT9unXp4OwIy3cWrM_EDDsjEYa4-QV4DR5QyD_ORw6nQkOcGk8mpFagQ==@com.GoFundMe.GoFundMe/,stevenvantiger1@gmail.com,$SVantiger6761666!!,
gofundme.com,https://www.gofundme.com/sign-in,stevenvantiger1@gmail.com,$SVantiger6761666!!,
gogogoldwin.com,https://gogogoldwin.com/signup/,3198349729,G3ZduE*Tfsp3V*,
google.com,https://accounts.google.com/,$SVantiger!!,$SVantiger!!,
google.com,https://accounts.google.com/ServiceLogin,232097@mcpsmd.net,tellat,
google.com,https://remotedesktop.google.com/access,Incraz3d,101010,
google.com,https://accounts.google.com/ServiceLogin,bbreezy8866@gmail.com,Monkey88,
google.com,https://accounts.google.com/ServiceLogin,incrazed@hotmail.com,Vantiger6761666,
google.com,https://accounts.google.com/,kylewenning1983@gmail.com,$$$Lexi2015,
google.com,https://accounts.google.com/,stevenvantiger1@gmail.com,Tigger1983!!##,
google.com,https://accounts.google.com/ServiceLogin,stevenvantiger1@gmail.com,Tigger1983!!##,
google.com,https://accounts.google.com/ServiceLogin,stevenvantiger1@gmail.com,Tigger1983!!##,
google.com,https://accounts.google.com/AddSession,stevenvantiger1@gmail.com,Tigger1983!!##,
google.com,https://accounts.google.com/signin/v2/challenge/pwd,stevenvantiger1@gmail.com,Tigger1983!!##,
google.com,https://accounts.google.com/,stevenvantiger@hotmail.com,Vantiger!!,
google.com,https://accounts.google.com/AddSession,zvan2815@student.dodea.edu,moonman1010,
google.com,https://accounts.google.com/ServiceLogin,zvan2815@student.dodea.edu,moonman1010,
Govee Home,android://wf0EIjvHK6zTcWTLwqghpuMqbKqUmXeG2f9A2fcVsR_GMVTe-CezuZ8YpwuXhGUlzYMGOG8l_U3-z1VL9BUcYA==@com.govee.home/,stevenvantiger1@gmail.com,Vantiger6761666,
gradespeed.net,https://dodea.gradespeed.net/pc/default.aspx,Vantiger,6761666,
gradespeed.net,https://dodea.gradespeed.net/pc/default.aspx,vantiger,6761666,
gradespeed.net,https://dodea.gradespeed.net/pc/studentlogin.aspx,zvan2815,Password1,
grammarly.com,https://www.grammarly.com/signup,Stevenvantiger@hotmail.com,Vantiger6761666,
grammarly.com,https://www.grammarly.com/signin,breanna.vantiger@hotmail.com,Monkey!88,
greatiowatreasurehunt.gov,https://www.greatiowatreasurehunt.gov/app/claim-info,stevenvantiger1@gmail.com,482046113,
GreenFi - Mobile Banking,android://5-W1i7RWTrbLCgDTaEh01AEQFmr32_gBDfQbGche0a2NePLfkBkojXCxg5-njbs4Tvad1SZh6TOIKYysNpnMFw==@com.aspiration.app/,stevenvantiger1@gmail.com,kC5iil_qnsF0W7G,
Groundfloor Investing,android://I-ddvnqz7paVSK6I5LRNpR6dR66-Lz0uNkKzzIjdwDrO86nX9ndKMy2kT4Zfoy3JkF7QszqriCMttdPCOLuA3A==@us.groundfloor.merlin/,stevenvantiger1@gmail.com,$SVantiger6761666,
grubhub.com,https://www.grubhub.com/restaurant/el-cactus-authentic-mexican-cuisine-104-1st-ave-coralville/482121,BREANNA.VANTIGER@HOTMAIL.COM,Monkey!88,
guardw.net,https://my.guardw.net/account/register,stevenvantiger1@gmail.com,$zKyQ9s2PP@b5mn,
hebdebit.com,https://www.hebdebit.com/,VANTIGER,$Vantiger6761666,
hellomillions.com,https://www.hellomillions.com/register,stevenvantiger1@gmail.com,Tigger1983,
hillsbank.com,https://www.hillsbank.com/,Svantiger,Vantiger6761666,
homedepot.com,android://S3h4djrhpS9C1iUtLOM9jBFjDKOG3heKlPRbyNCNLdRXpSqZXtoSHryW6lxn0eEnw_JwIqY2FtYzh5RBkL4j5Q==@com.thehomedepot/,vantigerconstruction@hotmail.com,Vantiger6761666,
homedepot.com,https://secure2.homedepot.com/account/view/logon,vantigerconstruction@hotmail.com,Vantiger6761666,
hot-profiles.com,https://lander.hot-profiles.com/,Tigger831939,V6761666!,
houseofmilfs.com,https://houseofmilfs.com/,Tiggervan,S6761666,
hoverwatch.com,https://www.hoverwatch.com/signup,Stevenvantiger@hotmail.com,r.85CgTX_?v82Nr,
htcvive.com,https://account.htcvive.com/auth/htcidgoogle/callback,VanTiger,a+F..*9c#5Kxgnm,
hulu.com,https://auth.hulu.com/web/login,breanna.vantiger@hotmail.com,Monkey88,
hulu.com,https://secure.hulu.com/account,breanna.vantiger@hotmail.com,Monkey88,
hulu.com,https://www.hulu.com/welcome,breanna.vantiger@hotmail.com,Monkey88,
hulu.com,https://auth.hulu.com/web/login/enter-password,firesocks1@yahoo.com,David2167,
hy-vee.com,https://www.hy-vee.com/careers/,zvan2815@student.dodea.edu,482334543,
hy-vee.com,https://accounts.hy-vee.com/auth/realms/customer/login-actions/registration,zvan2815@student.dodea.edu,Moonman1010,
ialottery.com,https://m.ialottery.com/,Stevenvantiger1@gmail.com ,S6761666,
icims.com,https://tradesmen.icims.com/icims2/servlet/icims2,Stevenvantiger12,Tradesmen1,
id.me,https://api.id.me/en/registration/new,stevenvantiger1@gmail.com,+7F3Ke2=)Q2GLPp,
inclave.com,https://www.inclave.com/register,stevenvantiger1@gmail.com,S6761666!!,
info-fremdgehen69.com,https://www.info-fremdgehen69.com/landing/md8018,Tigger123456,8Qdpj$JBZKuedSV,
instagram.com,https://www.instagram.com/accounts/signup/,therealvantiger,hCwqvk$HS1Rv75x,
iowa.gov,https://dhsservices.iowa.gov/apspssp/ssp.portal/applyForBenefits/eSignature,Steven C Vantiger,Vantiger6761666,
iowa.gov,https://entaa.iowa.gov/entaa/sso,Steven.vantiger@iowaid,Vantiger6761666,
iowa.gov,https://dhsservices.iowa.gov/apspssp/ssp.portal,Vantiger1,Vantiger6761666,
iowa.gov,https://entaa.iowa.gov/entaa/sso,breanna.vantiger@iowaid,Tigger,
iowadot.gov,https://mymvd.iowadot.gov/Account/Login,195ad3266,46112,
iowafarmbureau.com,https://www.iowafarmbureau.com/Register/Verify,vantigerconstruction@hotmail.com,Vantiger6761666,
ipsosisay.com,https://www.ipsosisay.com/join/,stevenvantiger1@gmail.com,23?5e^sK!7SRt9',
iptvtalk.org,http://iptvtalk.org/register.php,Vantiger,S6761666,
ipvanish.com,https://signup.ipvanish.com/,stevenvantiger@hotmail.com,Vantiger6761666,
ixl.com,http://eu.ixl.com/promo,zacheryvantiger227,math,
ixl.com,http://www.ixl.com/math/grade-5,zacheryvantiger227,math,
jackpota.com,https://www.jackpota.com/register,stevenvantiger1@gmail.com,tIGGER1983,
jailatm.com,https://deposits.jailatm.com/WebDeposits/frmCreateAccount.aspx,,S6761666,
jerkmate.com,https://jerkmate.com/join,stevenvantiger1@gmail.com,"FJDze#wRie9Y4$,",
jetbrains.com,https://account.jetbrains.com/oauth2/login,,H(V7QZaW_mkrt.u,
jimmyjohns.com,https://online.jimmyjohns.com/,3195123358,Vantiger6761666,
jimmyjohns.com,https://online.jimmyjohns.com/,Stevenvantiger@hotmail.com,Vantiger6761666,
jimmyjohns.com,https://online.jimmyjohns.com/checkout/payment/1,vantigerconstruction@hotmail.com,vANTIGER6761666,
jmorales933.weebly.com,http://jmorales933.weebly.com/401/login.php,,jaguars,
kamatera.com,https://www.kamatera.com/free-trial/,vantigerconstruction@hotmail.com,vANTIGER1983,
kashkick.com,https://kashkick.com/,stevenvantiger1@gmail.com,6761666,
kumandgo.com,https://rewards.kumandgo.com/signup/,stevenvantiger1@gmail.com,sfR3ME9$nR9QXjH,
LaView,android://bMbWFH9GjF2K-D6ZGd6e-wrhYuukxvCniQd1Zx2AdYlykK-pEb7um0HPMeB_gzoDy1kPRb7WSDBrrfUeQyl2JQ==@com.laview.smart/,stevenvantiger1@gmail.com,Simba4259#,
legalzoom.com,https://www.legalzoom.com/LZWeb/Welcome/SignIn.aspx,vantigerconstruction@hotmail.com,6761666,
lendio.com,https://www.lendio.com/bp/newpass,,Tm&hvk32tfXacF.,
live.com,https://login.skype.com/registration,blurryface10101,moonman1010,
live.com,https://login.live.com/login.srf,bre,Vantiger16761666,
live.com,https://login.microsoftonline.com/,breanna.vantiger@briarcliff.edu,BV0435766!,
live.com,https://login.live.com/login.srf,breanna.vantiger@hotmail.com,Monkey88,
live.com,https://login.live.com/ppsecure/post.srf,breanna.vantiger@hotmail.com,Monkey88,
live.com,https://login.live.com/,breanna.vantiger@hotmail.com,Monkey88,
live.com,https://login.live.com/login.srf,incrazed@hotmail.com,Vantiger16761666,
live.com,https://login.live.com/,incrazed@hotmail.com,Vantiger16761666,
live.com,https://account.live.com/,incrazed@hotmail.com,$SVantiger6761666!!,
live.com,https://login.live.com/oauth20_authorize.srf,st,Monkey88,
live.com,https://login.live.com/ppsecure/secure.srf,ste,Monkey88,
live.com,https://login.live.com/login.srf,stevenvantiger,Monkey88,
live.com,https://login.live.com/login.srf,stevenvantiger@hotmail.com,$SVantiger6761666!!,
live.com,https://signup.live.com/signup,stevenvantiger@hotmail.com,$SVantiger6761666!!,
live.com,https://login.live.com/,stevenvantiger@hotmail.com,SVantiger6761666!!,
live.com,https://account.live.com/,stevenvantiger@hotmail.com,Svan6761666!!,
live.com,https://login.live.com/,vantigerconstruction@hotmail.com,Vantiger6761666,
live.com,https://login.live.com/ppsecure/post.srf,vantigerconstruction@hotmail.com,Vantiger6761666,
live.com,https://login.live.com/login.srf,zacheryvantiger03@hotmail.com,Vantiger6761666,
live.com,https://login.live.com/login.srf,zacheryvantiger@hotmail.com,Vantiger6761666,
live.com,https://login.live.com/login.srf,zacheryvantiger@hotmail.com,Vantiger6761666,
LOCKLY®,android://rY8mT1fVRkFaZ8hJ25BiXwBsOmLRAwA7FrJJKtWQ2hcj-UF36LWNbmprfm4Cl4MPU5hZQlrpXHeC2wBV00RlUA==@com.lockly.smartlock/,37043704!,gabby322,
lonestarcasino.com,https://lonestarcasino.com/,stevenvantiger1@gmail.com,Tigger1983,
lovefort.com,https://lovefort.com/land/lf/p/r/7/,stevenvantiger1@gmail.com,QqZ5f2!fg68U@wv,
lowes.com,https://www.lowes.com/search,Breanna.vantiger@hotmail.com,Monkey!88,
lowes.com,https://www.lowes.com/mylowes/register,vantigerconstruction@hotmail.com,S6761666,
lowesforpros.com,https://www.lowesforpros.com/account/register,vantigerconstruction@hotmail.com,S6761666,
lyricprod.b2clogin.com,https://lyricprod.b2clogin.com/,stevenvantiger1@gmail.com,Monkey88!,
magicjack.com,https://web03.magicjack.com/my/login.html,Stevenvantiger@hotmail.com,Vantiger6761666,
magicjack.com,https://web04.magicjack.com/my/pages/act-create.html,Stevenvantiger@hotmail.com,Vantiger6761666,
magicjack.com,https://web03.magicjack.com/my/loggedin.html,stevenvantiger@hotmail.com,Vantiger6761666,
mapnsoft.com,https://www.mapnsoft.com/kia/customer/account/create/,vantigerconstruction@hotmail.com,ZBDDjL3YTWXY@ss,
mature-qualitysingles.com,https://www.mature-qualitysingles.com/offer-zoosk.php,,mA4pNPC8EYm4qFw,
mcgraw-hill.com,http://connected.mcgraw-hill.com/connected/login.do,SigJags22,Arnold7,
mcluck.com,https://www.mcluck.com/login,stevenvantiger,X.Sf%SRV&.6?UTE,
mcluck.com,https://www.mcluck.com/register,stevenvantiger@hotmail.com,X.Sf%SRV&.6?UTE,
mdg.com,https://secure.mdg.com/Application.aspx,stevenvantiger@hotmail.com,Vantiger6761666,
meetwives.com,https://m.meetwives.com/,,yVBQFFm9GXeSmgg,
MEGA,android://pBmM_nO60893u4X7D-CanT76SomdRzEME86TJB9BGYmSJ9fDyuZ5RAw-Do1z4Ojw5T_uV-5fU4qvcGnyraIO2w==@mega.privacy.android.app/,stevenvantiger1@gmail.com,Vantiger6761666!,
megabonanza.com,https://www.megabonanza.com/register,stevenvantiger1@gmail.com,Tigger1983!,
menards.com,https://designit.menards.com/Deck/,VantigerConstruction@hotmail.com,5rtxKSNktjiUzQM,
menards.com,https://www.menards.com/main/login.html,VantigerConstruction@hotmail.com,5rtxKSNktjiUzQM,
menards.com,https://designit.menards.com/Deck/,vantigerconstruction@hotmail.com,S6761666,
menards.com,https://www.menards.com/main/register.html,vantigerconstruction@hotmail.com,S6761666,
Message and Call Tracker,android://80IwPrceK-8RlkRz1R1nGzRpzW7gH9r9L260P0YLMIdyZ-vVeGgQII4pYkw_9VYShdeAw8lGN3DFOcMFwl_thw==@com.gcm_call_sms_tracker.updated/,stevenvantiger@hotmail.com,6761666,
metrovaporshop.com,https://www.metrovaporshop.com/one-page-checkout.asp,Stevenvantiger@hotmail.com,6761666,
milfaddicts.com,http://mobile.milfaddicts.com/,Stevan1010,6761666,
milfaddicts.com,https://mobile.milfaddicts.com/,Stevan1010,6761666,
milfaddicts.com,https://mobile.milfaddicts.com/,Stevan1983,6761666,
milfaholic.com,http://www.milfaholic.com/,lonelyww,6761666,
milffinder.com,https://milffinder.com/landing/md8015,Tigger1983,BcUM8.g@4hSxVqf,
Milli: Mobile Banking,android://YL7Lw3QcO_16sffd3XPYPHRDIIp4EoQQ-SB4ZgfEXbsNTRAG8WjWq59md-SWsFO78lbEDt8_PSZa3b8GdBmIxw==@com.gen6bk.mino.app/,stevenvantiger1@gmail.com,$SVantiger6761666!!,
mngw.core.android.com,android://ZoeTQsGLvtzLUdSLWdtbyPdyRv8603c5boixGOD6b4vbm-0wdlDs-gfjyZduv7TpWxbKwNvkahw3b_UkGVcFmA==@com.android.core.mngw/,stevenvantiger1@gmail.com,6761666,
momentum-cam.com,https://www.momentum-cam.com/account/,,S6761666,
momentum-cam.com,https://account.momentum-cam.com/reset-password,,Monkey88!!,
momentum.pepper.com,android://I6L5Pk1lrg_LIjY4RYGBYeqG-YvDviB49sDnHAqNtZzMwHSXFliHZ1FXPipuHBjp1dMskMlGwYeVyRQ7LmiTlA==@com.pepper.momentum/,Dashboard 1,S6761666,
momentum.pepper.com,android://I6L5Pk1lrg_LIjY4RYGBYeqG-YvDviB49sDnHAqNtZzMwHSXFliHZ1FXPipuHBjp1dMskMlGwYeVyRQ7LmiTlA==@com.pepper.momentum/,stevenvantiger1@gmail.com,Monkey88!!,
momentumcam.com,https://momentumcam.com/account/login,stevenvantiger1@gmail.com,S6761666,
momsgetnaughty.com,https://m.momsgetnaughty.com/aff.php,stevenvantiger1@gmail.com,6761666,
monect.com,https://www.monect.com/register,stevenvantiger@hotmail.com,bL7hhmPUri@wsE9,
moneygram.com,https://walmart.moneygram.com/account/mandatory-login,breanna.vantiger@hotmail.com,Monkey!88,
Monster Deals Plus,android://Q0zWzCJIlak86yJc5vFFbxVV2H4XpfIvf32Alg4U5vHkIA65KJjMTUzSTHaQPjx9Repi4YBF_MhdSPYevBuLCA==@me.swiftgift.swiftgift.samsung/,stevenvantiger1@gmail.com,6761666,
motorola.com,https://accounts.motorola.com/ssoauth/web/signup.html,stevenvantiger@gmail.com,Xi@9MX4hK&T3*PK,
msicomputer.com,https://service.msicomputer.com/msi_user/registration/CreateAccount.aspx,Stevenvantiger@hotmail.com,6761666,
My Straight Talk: Mobile App,android://kWipRs1jctDs4QVmrRSrngVIvx7Xhc3qCRNKahnVlhUZAZCFzuFdvYQqTsl-lu8X1HX5Ve0UYrpoQ0kPzojhgQ==@com.tracfone.straighttalk.myaccount/,stevenvantiger1@gmail.com,Sv6761666,
My Straight Talk: Mobile App,android://kWipRs1jctDs4QVmrRSrngVIvx7Xhc3qCRNKahnVlhUZAZCFzuFdvYQqTsl-lu8X1HX5Ve0UYrpoQ0kPzojhgQ==@com.tracfone.straighttalk.myaccount/,stevenvantiger@hotmail.com,Sv6761666!,
myfitnesspal.com,https://www.myfitnesspal.com/account/login,bbreezy1988,Monkey!88,
myfreedomsmokes.com,https://www.myfreedomsmokes.com/customer/account/login/,stevenvantiger@hotmail.com,6761666,
mylocalcrush.com,https://mylocalcrush.com/landing100,Iowa,467665,
mylocalcrush.com,https://mylocalcrush.com/landing100,Tiggertreats,467665,
myQ Garage & Access Control,android://miPGGh8wAbb88k5tX8qM1dkTmHN0-hljGDjhWomX-Gu8WSajSRLhfvV8rG0DY4pr32nKKQhkflANX64Ogbh9GA==@com.chamberlain.android.liftmaster.myq/,stevenvantiger@hotmail.com,Vantiger6761666,
myqservices.com,https://www.myqservices.com/account/login,stevenvantiger@hotmail.com,Vantiger6761666,
mytotalconnectcomfort.com,https://mytotalconnectcomfort.com/portal/Account/Activated,stevenvantiger1@gmail.com,Monkey88!,
mytotalconnectcomfort.com,https://www.mytotalconnectcomfort.com/portal/Account/Register,stevenvantiger1@gmail.com,Monkey88!,
myvanillacard.com,https://www.myvanillacard.com/signUp,,5262910706422922,
myvanillacard.com,https://www.myvanillacard.com/signupOnHome,Vantiger,Vantiger6761666,
naughtydate.com,https://m.naughtydate.com/aff.php,"Coralville, IA, 52241",S6761666,
naughtydate.com,https://m.naughtydate.com/aff.php,incrazed@hotmail.com,2AueBz2gck5X5JT,
naughtydate.com,https://www.naughtydate.com/,incrazed@hotmail.com,2AueBz2gck5X5JT,
navyfederal.org,https://my.navyfederal.org/NFOAA_Auth/findmyaccessnumber.xhtml, vantiger,482046112,
navyfederal.org,https://myaccounts.navyfederal.org/NFCU/accountservices/changedebitcardpinview,1010,1010,
navyfederal.org,https://my.navyfederal.org/NFOAA_Auth/login.jsp,13063695,S6761666!,
navyfederal.org,https://my.navyfederal.org/NFOAA_Auth/login.jsp,7440911,Vantiger6761666,
navyfederal.org,https://www.navyfederal.org/nfoaa-signin.php,7440911,Vantiger6761666,
navyfederal.org,https://www.navyfederal.org/,7440911,Vantiger6761666,
navyfederal.org,https://my.navyfederal.org/NFOAA_Auth/login.jsp,incrazed1,Rylee2016!,
navyfederal.org,https://www.navyfederal.org/,incrazed1,Rylee2016!,
navyfederal.org,https://my.navyfederal.org/NFOAA_Auth/login.jsp,vanconstruction1,S6761666!,
navyfederal.org,https://www.navyfederal.org/,vanconstruction1,S6761666!,
needrom.com,https://www.needrom.com/wp-login.php,incraz3d,9smg4e,
netflix.com,https://www.netflix.com/Login,Stevenvantiger@hotmail.com,S6761666,
netflix.com,android://Jzj5T2E45Hb33D-lk-EHZVCrb7a064dEicTwrTYQYGXO99JqE2YERhbMP1qLogwJiy87OsBzC09Gk094Z-U_hg==@com.netflix.mediaclient/,firesocks@yahoo.com,Jeni2167,
netflix.com,android://Jzj5T2E45Hb33D-lk-EHZVCrb7a064dEicTwrTYQYGXO99JqE2YERhbMP1qLogwJiy87OsBzC09Gk094Z-U_hg==@com.netflix.mediaclient/,katiecroy9@gmail.com,Jakenkatie11,
netflix.com,https://www.netflix.com/login,oakbrother@gmail.com,Highlife.13,
netflix.com,android://Jzj5T2E45Hb33D-lk-EHZVCrb7a064dEicTwrTYQYGXO99JqE2YERhbMP1qLogwJiy87OsBzC09Gk094Z-U_hg==@com.netflix.mediaclient/,stevenvantiger@hotmail.com,S6761666,
netflix.com,https://signup.netflix.com/Login,stevenvantiger@hotmail.com,S6761666,
netflix.com,https://www.netflix.com/login,stevenvantiger@hotmail.com,S6761666,
netflix.com,https://www.netflix.com/Login,stevenvantiger@hotmail.com,S6761666,
netgear.com,android://zFhhba1ssuEdjDgJxMboQeDiqGc6p1g1SKR5LV4MOkQRngiXNzfh0gv3rlS0GWE5qz74fytdDCfdUzNpw7Aq6Q==@com.netgear.netgearup/,admin,S6761666,
netgear.com,android://zFhhba1ssuEdjDgJxMboQeDiqGc6p1g1SKR5LV4MOkQRngiXNzfh0gv3rlS0GWE5qz74fytdDCfdUzNpw7Aq6Q==@com.netgear.netgearup/,stevenvantiger1@gmail.com,Tigger1983!,
netgear.com,https://www.netgear.com/success/rax75/,stevenvantiger1@gmail.com,Vantiger67612666,
netgear.com,android://zFhhba1ssuEdjDgJxMboQeDiqGc6p1g1SKR5LV4MOkQRngiXNzfh0gv3rlS0GWE5qz74fytdDCfdUzNpw7Aq6Q==@com.netgear.netgearup/,stevenvantiger@hotmail.com,Vantiger6761666,
netspend.com,https://www.netspend.com/,stevenvantiger1@gmail.com,$SVantiger6761666,
netspendallaccess.com,https://www.netspendallaccess.com/account/activate/register,Vantiger,Vantiger6761666,
nextdoor.com,https://nextdoor.com/link_account/,stevenvantiger@hotmail.com,6761666,
nintendo.com,https://accounts.nintendo.com/federation/register,stevenvantiger1@gmail.com,Nzx:@j-QZ8HfuU@,
novadevelopment.com,https://shop.novadevelopment.com/store3/index.php,vantigerconstruction@hotmail.com,Vantiger6761666,
nvidia.com,https://login.nvgs.nvidia.com/v1/login,incrazed@hotmail.com,Vantiger6761666,
onlinebootycall.com,https://www.onlinebootycall.com/login/,stevan1111,6761666,
onlyfans.com,https://onlyfans.com/,stevenvantiger1@gmail.com,Sv6761666!!,
onlyflings.com,https://mobile.onlyflings.com/signup,Tigger224689,#n72KikrxDAuPt4,
openweathermap.org,https://home.openweathermap.org/users,Incrazed,Vantiger6761666,
oracle.com,https://profile.oracle.com/myprofile/account/create-account.jspx,stevenvantiger1@gmail.com,Vantiger6761666!,
oracle.com,https://signon.oracle.com/signin,stevenvantiger1@gmail.com,Vantiger6761666!,
order-activity.info,https://appleid.apple.com.order-activity.info/account/,stevenvantiger@icloud.com,Monkey88!,
ourcasualcontact.com,https://www.ourcasualcontact.com/landing2,Tiger1983,6761666,
https://ovca12.vimtag.com:7446,https://ovca12.vimtag.com:7446/device/v5.10.1.1810241030/main.product.htm,vantiger1,S6761666,
pandarg.taleo.net,https://pandarg.taleo.net/careersection/iam/accessmanagement/login.jsf,zvan2815@student.dodea.edu,moonman1010,
pandora.com,android://Cj7RTBVvtO1UpPnkG2QPzgMYDj2lkQ9eLZHmgbjL87fbay_YoFmeIkYmt1mFEhkVTjc9NK_wfjRRPoBG75w-0g==@com.pandora.android/,stevenvantiger1@gmail.com,S6761666,
pandora.com,https://www.pandora.com/account/sign-in,stevenvantiger@hotmail.com,6761666,
pandora.com,android://Cj7RTBVvtO1UpPnkG2QPzgMYDj2lkQ9eLZHmgbjL87fbay_YoFmeIkYmt1mFEhkVTjc9NK_wfjRRPoBG75w-0g==@com.pandora.android/,stevenvantiger@hotmail.com,Vantiger6761666,
pandora.com,https://www.pandora.com/oauth/v1/login,stevenvantiger@hotmail.com,Vantiger6761666,
paramountplus.com,https://www.paramountplus.com/account/signup/createaccount,stevenvantiger1@gmail.com,"J,Mb$W2MXd&&J5m",
pathofexile.com,https://www.pathofexile.com/game,incrazed@hotmail.com,Vantiger6761666,
paypal.com,https://www.paypal.com/,stevenvantiger1@gmail.com,Kt8SiiZ-$1h6Eqj,
paypal.com,android://rF2BMtDX6N5uymxwf2Syvpr7kW1gTUHhATVyF8dhrmRE8mvmWQ1KwSOvcxAEnpM52kL_VrS3omH3kq-I6N6SRQ==@com.paypal.merchant.client/,stevenvantiger1@gmail.com ,Vantiger6761666,
paypal.com,android://rF2BMtDX6N5uymxwf2Syvpr7kW1gTUHhATVyF8dhrmRE8mvmWQ1KwSOvcxAEnpM52kL_VrS3omH3kq-I6N6SRQ==@com.paypal.merchant.client/,stevenvantiger@gmail.com ,Vantiger6761666,
paypal.com,https://www.paypal.com/cgi-bin/webscr,stevenvantiger@hotmail.com,Tigger6761666!,
pch.com,https://mpo.pch.com/register/REWARDS,stevenvantiger1@gmail.com,S6761666,
pearsoncmg.com,https://sso.rumba.pearsoncmg.com/sso/login,zvan2815,student14,
perfectworld.com,http://nw-forum.perfectworld.com/showthread.php,incrazed@hotmail.com,S6761666,
perfectworld.eu,https://register.it.perfectworld.eu/account/resetpassword/31cf2a3f6b8f3e49233777af83c9f2ad,,vANTIGER676166,
perfectworld.eu,http://it.perfectworld.eu/login,Incrazed@hotmail.com,S6761666,
perpay.com,https://perpay.com/,stevenvantiger1@gmail.com,Vantiger6761666,
pizzahut.com,https://auth.pizzahut.com/login.php,Stevenvantiger@hotmail.com,6761666,
pizzahut.com,https://www.pizzahut.com/,Stevenvantiger@hotmail.com,6761666,
pizzahut.com,android://A2xjr_xVKBsGeA9q44lHrvCSkI-am7kch787kGVMgfOf3x6ms_WyVbPrk4Nj3nAvTZqBg_y6cpQA8diPVgzgcQ==@com.yum.pizzahut/,stevenvantiger@hotmail.com,6761666,
pizzahut.com,https://auth.pizzahut.com/login.php,stevenvantiger@hotmail.com,6761666,
pizzahut.com,https://order.pizzahut.com/home,stevenvantiger@hotmail.com,6761666,
pizzahut.com,https://www.pizzahut.com/v1/idp/login,stevenvantiger@hotmail.com,6761666,
plaid.com,https://cdn.plaid.com/link/v2/stable/link.html,stevenvantiger1@gmail.com,Vantiger6761666!!,
playfame.com,https://www.playfame.com/login,stevenvantiger1@gmail.com,kg5wMNTS6#k*hj@,
playneverwinter.com,https://gateway.playneverwinter.com/,incrazed@hotmail.com,S6761666,
plex.tv,https://plex.tv/users/sign_up,IncrazedIII,Vantiger6761666,
plex.tv,https://www.plex.tv/sign-in/,stevenvantiger@hotmail.com,Vantiger6761666,
plus.pro.craigs,android://NN8xiC_z-IAx_cTok-Gf2wtBIjMyr_SjpH9LiFC17Ff0KI5XVt9JMjcoTI2ghEm-7nt8RtA9JdKWw2JAVs0I-Q==@craigs.pro.plus/,steven1010,s6761666,
pof.com,https://ca.pof.com/deleteaccount,Stevenvantiger1@gmail.com,6761666,
pof.com,https://www.pof.com/login/,Stevenvantiger1@gmail.com,6761666,
pof.com,android://PhNbH5ZWcvmvmXWKJ1nd6YLeMPGO0Sv1zemQYjcZCgfBNcbLTNg1TsLmNey-qmArSSNVKqE_2g8oHn0JDncXhw==@com.pof.android/,incrazed@hotmail.com,s6761666,
premiumize.me,https://www.premiumize.me/register,Stevenvantiger@hotmail.com,6761666,
prizeout.com,https://widget-v2.prizeout.com/wallet,stevenvantiger1@gmail.com,n!tUfPkuEgk4.9m,
promptstorm.app,https://promptstorm.app/sign-up,STEVENVANTIGER1@GMAIL.COM,2x.AWwTK9JkD!pZ,
proreferral.com,https://www.proreferral.com/login,vantigerconstruction@hotmail.com,S6761666,
publicinfoservices.com,https://app2.publicinfoservices.com/login,stevenvantiger1@gmail.com,s6761666,
quikorder.com,https://caseys.quikorder.com/php/CASEYS/m/index.php,Stevenvan,6761666,
quikorder.com,https://caseys.quikorder.com/php/CASEYS/m/index.php,Stevenvantiger,6761666,
realoasistv.myshopify.com,http://realoasistv.myshopify.com/account/activate/5095774022/3b4a72e2bd1374f2b1e128cc2a59e8df-1479952378,,6761666,
redhat.com,https://sso.redhat.com/auth/realms/redhat-external/login-actions/first-broker-login,stevenvantiger1,mPzkRZDYs3UT5Xc,
relayhealth.com,https://app.relayhealth.com/Patients/RegistrationV3.aspx,stevenvantiger@hotmail.com,s6761666,
reliancetelephone.com,https://www.reliancetelephone.com/checkout/wallet/15153370473,vantigerconstruction@hotmail.com,S6761666,
Replika: My AI Friend,android://gw3H5L0enKKkTwaPNAknHWhYvXojMqGPdyZKlTWhqUUvAIV4jf8HKGtp1S0dts3_uOGKRfkjoh7lv-njX67VkA==@ai.replika.app/,stevenvantiger1@gmail.com,6761666z!,
rexmd.com,https://ed.rexmd.com/sample-pack-1/,,6761666,
ring.com,https://ring.com/users/password/edit,,Vantiger6761666!,
ring.com,android://ED8P2gNIe0z6r3dp72OMq1ldnS4gig1DR-l9RAzWimcamFvzl2MxYN3pBo54J899R4tCqgKP09veaNbYzqJL4w==@com.ringapp/,breanna.vantiger@hotmail.com,Monkey!88,
ring.com,android://ED8P2gNIe0z6r3dp72OMq1ldnS4gig1DR-l9RAzWimcamFvzl2MxYN3pBo54J899R4tCqgKP09veaNbYzqJL4w==@com.ringapp/,stevenvantiger1@gmail.com,Van6761666!,
ring.com,https://ring.com/users/sign_in,stevenvantiger1@gmail.com,Van6761666!,
ring.com,https://oauth.ring.com/oauth/users/sign_in,stevenvantiger1@gmail.com,Vantiger6761666,
roaring21.com,https://roaring21.com/,tigger2083,tdE7qTaTpP!$tp,
roblox.com,android://RGlUtI9NY0ps7eW1mdYoROkaZ3iIqThRr1OIJOwe5lqdRX93aUt2TxUUz13PLlTFN5B1C0mMDPyM4BsBic8Fmg==@com.roblox.client/,Ellathehotdino,Toomanykids10,
roblox.com,https://www.roblox.com/,vantiger1010,moonman1010,
rollingriches.com,https://www.rollingriches.com/register,TIGGER1983,A3Y&%4uHwT&v?H5,
rollingriches.com,https://www.rollingriches.com/,stevenvantiger1@GMAIL.COM,A3Y&%4uHwT&v?H5,
routerlogin.com,http://www.routerlogin.com/,admin,password,
routerlogin.net,http://www.routerlogin.net/genieping2.cgi,,S6761666,
routerlogin.net,https://www.routerlogin.net/genieping2.cgi,,S6761666,
routerlogin.net,http://routerlogin.net/,NETGEAR73,HELPFULBREEZE117,
routerlogin.net,http://www.routerlogin.net/WLG_wireless_dual_band_r10.htm,NETGEAR95,101010,
routerlogin.net,https://www.routerlogin.net/WLG_wireless_dual_band_r10.htm,NETGEAR95,101010,
routerlogin.net,http://www.routerlogin.net/,admin,password,
routerlogin.net,http://www.routerlogin.net/,admin,Tigger1983,
routerlogin.net,http://www.routerlogin.net./,admin,magicalcarpet464,
russiawomandating.com,https://www.russiawomandating.com/qa/register09.php,incrazed@hotmail.com,x6pT8fZ8wvYR,
sammobile.com,https://www.sammobile.com/forum/register.php,INCRAZED,d6S-b*@hHrnF8V_,
samsung.com,https://account.samsung.com/accounts/v1/MBR/signInGate,stevenvantiger1@gmail.com,Monkey88!,
samsung.com,https://us.account.samsung.com/accounts/ANDROIDSDK/signInGate,stevenvantiger1@gmail.com,Monkey88!,
samsung.today.now.hookups.only.adults.meet.com,android://9TGGo_gbXq07zyMcIQk3xexYaiRDYlnNmCBxW5HUtwOj_uCBNuePJT_SV3C5sMNd2MI7N8yLP5TpKh6UJ9pUcg==@com.meet.adults.only.hookups.now.today.samsung/,stevenvantiger1@hotmail.com,stevan1983,
scratchstakes.com,https://www.scratchstakes.com/Account/MyAccount,stevenvantiger@hotmail.com,zub49h!!bHPB2PP,
secretbenefits.com,https://www.secretbenefits.com/signup/man,stevenvantiger,824dQ!3mTP&SGDH,
secure.greendot.com,https://secure.greendot.com/,VANTIGER1,S6761666,
secure.greendot.com,https://secure.greendot.com/greendot/login,VANTIGER1,Vantiger6761666,
secure.greendot.com,https://secure2.greendot.com/enroll/create-user,VANTIGER1,Vantiger6761666,
seekhd.com,https://www.seekhd.com/a/user/completeSignup,stevenvantiger1@gmail.com,*2DxZ.4&$N&4DX.,
seekmeetdate.com,https://m.seekmeetdate.com/aff.php,stevenvantiger@hotmail.com,JzscMahSq8SZpSx,
sexcamly.xxx,https://www.sexcamly.xxx/accounts/register/,Noname1260,ef66MFXWXKaxK$u,
shadowhealth.com,https://app.shadowhealth.com/users/sign_in,breanna.vantiger@briarcliff.edu,Freedom0808!!,
shasso.com,https://www.shasso.com/sso/xpress,stevenvantiger@hotmail.com,6761666,
shutterfly.com,https://www.shutterfly.com/signin/viewSignin.sfly,breanna.vantiger@hotmail.com,Monkey!88,
sigonellamhs.weebly.com,http://sigonellamhs.weebly.com/401/login.php,,jaguars,
sigonellamhsschlechter.weebly.com,http://sigonellamhsschlechter.weebly.com/401/login.php,,jaguars,
simpleflirts.com,https://www.simpleflirts.com/landing5,Stevenvantiger,_#JKGMR3k43ky$!,
sinder69s.com,https://sinder69s.com/l/25/snapcheatv2/3-w2m/global/,stevenvantiger1@gmail.com,Vantiger6761666,
singleflirt.com,https://www.singleflirt.com/landing/md8018,Steven,s6761666,
sling.com,https://oauth-client.p.sling.com/,breanna.vantiger@hotmail.com,Freedom1988!!,
slotocash.im,https://lobby.slotocash.im/lobby/,VANTIGER,!HLJxx6HM5ZC5h$,
slots.lv,https://www.slots.lv/join,stevenvantiger1@gmail.com,331576,
slotsandcasino.ag,https://www.slotsandcasino.ag/auth/,vantiger1983,S6761666,
Snapchat,android://rx1M7HNclOtlTbka8IqBM_RA-PPzS-htzHtHBJQcOM2oNQSOsZxZF1j1MPteckITXrJ7xKh6mEC2HmKZpBwBrg==@com.snapchat.android/,therealvantiger,Vantiger6761666,
snapsext.com,https://www.snapsext.com/tour-web/zsnapsexthdsem/,incrazed@hotmail.com,6761666,
sofi.com,https://www.sofi.com/,stevenvantiger1@gmail.com,S6761666,
specstory.com,https://accounts.specstory.com/sign-up,stevenvantiger1@gmail.com,9LVEJW4JhJTG5nC,
spinblitz.com,https://www.spinblitz.com/login,stevenvantiger1@gmail.com,8i9sAYgSBu6@Kf$,
spinfinite.com,https://www.spinfinite.com/account/register/,stevenvantiger1@gmail.com,CMYX7ptUJ@mnTCM,
sportzino.com,https://sportzino.com/signup,stevenvantiger1@gmail.com,Ztmf*qj7nAj@MPU,
spree.com,https://spree.com/promotions/spot-on,stevenvantiger1@gmail.com,"P_q,n??eZ4&vH!H",
square-enix.com,https://membership.square-enix.com/account/password,,Vantiger1,
square-enix.com,https://secure.square-enix.com/oauth/oa/oauthlogin,incrazed@hotmail.com,Vantiger676166,
staples.com,https://documents.staples.com/ASP1/SmartStore.aspx,VANTIGERCONSTRUCTION,s#vZ5#F4CZFzmbT,
stardock.com,https://store.stardock.com/checkout,Stevenvantiger@hotmail.com,Vantiger6761666,
stash.com,https://app.stash.com/sign-up-new/get-started,stevenvantiger@hotmail.com,.4&ppZXnG$ee-Z?,
steampowered.com,https://help.steampowered.com/en/wizard/HelpWithLoginInfoReset/,Incraz3d,Vantiger1,
steampowered.com,https://store.steampowered.com/join/,Incraz3d,Vantiger1,
steampowered.com,https://steamcommunity.com/login/home/,incraz3d,Vantiger6761666,
steampowered.com,https://help.steampowered.com/en/wizard/Login,incrazed3,Vantiger1,
straighttalk.com,https://www.straighttalk.com/login,3198349729,S6761666!,
straighttalk.com,https://www.straighttalk.com/home,S,$SVantiger6761666!!,
straighttalk.com,https://www.straighttalk.com/my-account,stevenvantiger1@gmail.com,S6761666!,
streamate.com,https://www.streamate.com/signup/register,Incrazed@hotmail.com,s6761666,
Summit CU Digital Banking,android://Thtsp678cm5P3X77pKdrDbazsIr5wLT0mHKp2kLjsC_kalmbVfJecMFZK7NMN000wWoTtS6thFaTiz_Dt-B8BQ==@org.summitcu.MobileBanking/,vantiger1,steven6761666,
swtor.com,https://account.swtor.com/signup,IncrazedIII,Vantiger6761666,
swtor.com,https://account.swtor.com/play-free,IncrazedIV,Vantiger6761666,
swtor.com,https://account.swtor.com/play-free,endifier,Moonman0,
syf.com,https://lowes.syf.com/eSecurity/Login/login.action,bbreezy88,Summer!Time2015,
syf.com,https://businessapply.syf.com/cmlapply/ca/lowes/business-info,vantigerconstruction@hotmail.com,45-2112352,
SYLVANIA Smart Home,android://WJaMdbPpDvNs3dMgbNqy2THspKhlZbaDYhOaycOFjNftAjqJ7eP5BmVwOnb464ww7UoMFXzJ0ESZoOHF3AEnfw==@com.ledvance.smartplus/,stevenvantiger1@gmail.com,Vantiger6761666,
tattoo.ai,https://tattoo.ai/sign-in,angstephenson3@gmail.com,DrPepper!977,
tattoo.ai,https://tattoo.ai/ai-create,angstrphenson3@gmail.com,DrPepper!977,
teasetation.com,https://www.teasetation.com/landing2,Tigger73,CcQeyxVpW2hnxR7,
TendSecure,android://iKQt60X0gCF_E_PlUXUt_r4edefx6apcd2Lpxmx9tk34_KSamzkZQ-ytwHQOyx9lz0bu30q8e7CTgsrYSHkCKg==@com.tendinsights.tendsecure/,Vantiger1,87654321,
texasroadhouse.com,https://www.texasroadhouse.com/order/confirmation,,$T?.W$pm-nrAEr7,
thdserviceprovider.force.com,https://thdserviceprovider.force.com/pro/becomeapro,Steven,S6761666,
The Roku App (Official),android://SZHJEl0d31Ebg7C77gdfVW_hvOAAYOvntaCkoPEHNej0IlnCj0ww0ZSqJ6VydpZ3-TempdjTHUMEe0HG-IayTQ==@com.roku.remote/,stevenvantiger1@gmail.com,S6761666,
thebump.com,http://www.thebump.com/login,breanna.vantiger@hotmail.com,Monkey!88,
thetrackernetwork.com,https://thetrackernetwork.com/Auth/register,Incraz3d,6761666,
together2night.com,https://m.together2night.com/,tigger2499054,X$7sB_-4qLR90DQ,
TP-Link Tether,android://1IG7AeaL7BVSMzVedCT29iexwGH8OE-SnospR_L8qgUnp3EvCsjWnbwFG9iLYAy5IfAceDXHLLU9CkisXrHCjQ==@com.tplink.tether/,stevenvantiger1@gmail.com,Vantiger6761666,
tplinklogin.net,http://tplinklogin.net/,admin,admin,
tplinkrepeater.net,http://tplinkrepeater.net/,Username,S6761666,
tracfone.com,https://www.tracfone.com/direct/controller.block,stevenvantiger@hotmail.com,6761666,
tradesmeninternational.com,https://auth01.tradesmeninternational.com/auth/realms/TI.COM/login-actions/required-action,vantiger,Monkey88!,
trainingharbor.com,http://ena.trainingharbor.com/,BBREEZY88,123456,
trainingharbor.com,http://portal.trainingharbor.com/login,BBREEZY88,mONKEY!88,
tsp.gov,https://www.tsp.gov/tsp/ContactInfo.do,,white,
twitch.tv,https://passport.twitch.tv/authentications/new,Incraz3d,Vantiger6761666,
uberhorny.com,https://www.uberhorny.com/main.php,stevenvantiger1@gmail.com,S6761666,
unblock-us.com,https://portal.unblock-us.com/password_resets/ybDFvqBNxhFzrzFRzwU7,Vantiger6761666,Vantiger6761666,
unblock-us.com,https://portal.unblock-us.com/sessions,stevenvantiger@hotmail.com,Vantiger6761666,
https://us12.vimtag.com:3446,https://us12.vimtag.com:3446/dcm/http_v6.5.1.1905081014/device/v6.5.1.1905081014/main.product.htm,breanna2019,Vantiger6761666,
usaa.com,https://mobile.usaa.com/inet/ent_auth_pin/page/PinEntryPage,,0808,
usaa.com,https://www.usaa.com/inet/ent_auth_pin/page/PinEntryPage,,0808,
usaa.com,https://mobile.usaa.com/inet/ent_logon/Logon,Monkey!88,Freedom1988!,
usaa.com,https://www.usaa.com/inet/ent_logon/Logon,Monkey!88,Freedom1988!,
usbankreliacard.com,https://www.usbankreliacard.com/login,,thbawcrd,
usbankreliacard.com,https://www.usbankreliacard.com/login,,Svan6761666,
usbankreliacard.com,https://www.usbankreliacard.com/web/usbankreliacard/login,vant****,Vantiger6761666,
usbankreliacard.com,https://www.usbankreliacard.com/login,vantiger,Vantiger6761666,
usmysteryshopper.com,https://usmysteryshopper.com/signup,3195123358,46g6cKmGXe87Y3S,
usps.com,https://reg.usps.com/entreg/RegistrationAction_input,stevan1010,t59kBHBBhqJ@Lzq,
vanillagift.com,https://balance.vanillagift.com/,,4097581337433184,
vending.android.com,android://7fmduHKTdHHrlMvldlEqAIlSfii1tl35bxj1OXN5Ve8c4lU6URVu4xtSHc3BVZxS6WWJnxMDhIfQN0N0K2NDJg==@com.android.vending/,stevenvantiger1@gmail.com,Tigger1983@#$,
verizon.com,https://login.verizonwireless.com/accessmanager/public/c/fp/resetPassword,,zmW5A^*=&6d)J9C,
verizon.com,https://secure.verizon.com/vzauth/UI/Login,3192499054,Vantiger6761666,
verizon.com,https://secure.verizon.com/vzauth/UI/Login,3195123358,zmW5A^*=&6d)J9C,
verizon.com,https://ssoauth.verizon.com/vzauth/UI/Login,3195123358,zmW5A^*=&6d)J9C,
verizon.com,https://login.verizonwireless.com/,3195123358,Monkey88!!,
verizon.com,https://login.verizonwireless.com/amserver/UI/Login,Tiger,1010,
Vimtag,android://oMkcdhmtVZN93CP0IwJpbndlOFDpSS5YVdGfz3wB4-cxew7Da_n1jn10h1YWxE81o_XFSCTMZddw1J_tH8C8XQ==@com.vimtag.vimtaga/,breanna2019,Vantiger6761666,
vistaprint.com,https://www.vistaprint.com/vp/ns/sign_in.aspx,stevenvantiger@hotmail.com,6761666,
vodafone.it,http://www.vodafone.it/area-utente/appmanager/fai-da-te/Common,breanna.Vantiger@hotmail.com,Monkey!88,
vudu.com,https://athome.fandango.com/content/account/login,MAULSONBENJAMIN@GMAIL.COM,Luvukale1,
vudu.com,https://www.fandango.com/account/signin,MAULSONBENJAMIN@GMAIL.COM,Luvukale1,
vudu.com,https://www.fandangonow.com/login,maulsonbenjamin@gmail.com,Luvukale1,
vudu.com,https://www.vudu.com/content/account/login,maulsonbenjamin@gmail.com,Luvukale1,
vudu.com,https://www.fandangonow.com/login,stevenvantiger1@Gmail.com,S6761666,
walgreens.com,https://photo.walgreens.com/walgreens/storewidgetregistration/showGuestLink=null/isFromStoreWidget=null/,breanna.vantiger@hotmail.com,Monkey!88,
walmart.com,https://www.walmart.com/checkout/,Stevenvantiger@hotmail.com,S6761666,
walmart.com,android://4qU9umAcITquicFhf9ceqVZ9gJ82LG3W91XYmN4nO9QYHEM0FXyI8TpWetriWtjUox7JV23Th94XY4g8Joq5Uw==@com.walmart.android/,stevenvantiger@hotmail.com,S6761666,
walmartmoneycard.com,https://secure.walmartmoneycard.com/login,VANTIGER83,s6761666,
walmartmoneycard.com,https://secure2.walmartmoneycard.com/enroll/create-user,VANTIGER83,s6761666,
wargaming.net,https://na.wargaming.net/registration/en/,zvan2815@outlook.com,moonman1010,
waveapps.com,https://my.waveapps.com/login/,vantigerconstruction@hotmail.com,S6761666,
webcam4money.com,https://www.webcam4money.com/signup.php,,EKy4rJ_iJbuq2KJ,
webcam4money.com,https://www.webcam4money.com/signup.php,incrazed@hotmail.com,tHLc3aRENZ_zdFi,
wellhello.com,https://tours-78-94.wellhello.com/sinder/v2/wh_logo/,36,6761666,
westernunion.com,https://www.westernunion.com/us/en/send-money/app/register,breanna.vantiger@hotmail.com,JTBXdyf-sT9O2kK,
wifisettings.lge.com,android://eu7THEc4Go3BxPZWVayHz_ZJetJKxeHRpbLxr8obNqzTo0QHX2D8Euu5uRBz_jQXKiv-8CSDZvqvFl3n_N9qbg==@com.lge.wifisettings/,Verizon-SM-G920V-AAD8,S6761666,
wincustomize.com,http://www.wincustomize.com/,stevenvantiger@hotmail.com,Vantiger6761666,
wincustomize.com,http://www.wincustomize.com/explore/dream/6546/download,stevenvantiger@hotmail.com,Vantiger6761666,
wish.com,https://www.wish.com/,stevenvantiger@hotmail.com,6761666,
wix.com,https://users.wix.com/signin,vantigerconstruction@hotmail.com,z65TA6Zi6gKHAvD,
writecream.com,https://app.writecream.com/,VanTiger,cHET-!@!U-Ccf9s,
wsscwater.com,https://my.wsscwater.com/selfcare/views/public/login/login.faces,breanna.vantiger@hotmail.com,Monkey!88,
wunderground.com,https://www.wunderground.com/weather/api/d/login.html,stevenvantiger@hotmail.com,Vantiger6761666,
Wyze - Make Your Home Smarter,android://q2wV27YisyGcMXcBDKtNQFgr7cYGeqcBgk1b4Qsl8_GS9mqvfD1s6pDhbaTM1MZ7ybon8xzRaAJ2WYOVjSksMg==@com.hualai/,stevenvantiger1@gmail.com,S6761666,
xdating.com,https://www.xdating.com/main.php,52241,S6661666,
xdating.com,https://www.xdating.com/members/user/registerfp_mobile,stevenvantiger1@gmail.com,ACf?jF4phEkDm-9,
xnxx.com,https://www.xnxx.com/account/lostpassword/8f0dfbe60f329f1a0DzUZZQFt9r6Vl0hWU2srZUKdmoeTKGbtCNJx8IGdUgO8XK79sUjKVLfM4QWFwn7,,S6761666,
xvideos.com,https://www.xvideos.com/video.ufveaavdf1d/sweet_step_mom_vacation_sex_~_anya_olsen_~_household_fantasy_~_scott_stark,"<iframe src=""https://www.xvideos.com/embedframe/ufveaavdf1d"" frameborder=0 width=510 height=400 scrolling=no allowfullscreen=allowfullscreen></iframe>",6761666,
xvideos.com,http://upload.xvideos.com/account,stevenvantiger1@gmail.com,6761666,
xvideos.com,https://www.xvideos.com/video4284616/busty_alexia_gets_fucked,stevenvantiger1@gmail.com,6761666,
xxxfucktor.com,https://lander.xxxfucktor.com/,asd34@teknology.ch,TikFuckPW02,
yabbycasino.com,https://yabbycasino.com/reset-password,veronicavonn84,vbJ58BX93RLUEW,
yodleeinteractive.com,https://usyichannelnode.yodleeinteractive.com/finapp/10003600/,stevenvantiger1@gmail.com,SVantiger6761666,
yourlocalfling.com,https://www.yourlocalfling.com/landing5,Vantiger,S6761666,
Zangi Private Messenger,android://e008rn7qq-ZF3X_l_03jrKfWnq-HiECieCuDrsp407HH_6JDQcPRNgvXOMjv4hfZlh_kviYmpKtljCqrItDOvg==@com.beint.zangi/,stevenvantiger1@gmail.com,lBTF$7tw2Fo-aig,
zoosk.com,android://QR-j4GiudgjXNMe4dbGtu0ebOkNc-mm0GwjWeEvf5l9j4u4vGFMAryd_bZE3wfMdTJLzqt3SsiBdTJoHLMTo1g==@com.zoosk.zoosk/,stevenvantiger1@gmail.com,Vantiger6761666,
zoosk.com,android://QR-j4GiudgjXNMe4dbGtu0ebOkNc-mm0GwjWeEvf5l9j4u4vGFMAryd_bZE3wfMdTJLzqt3SsiBdTJoHLMTo1g==@com.zoosk.zoosk/,stevenvantiger@hotmail.com,S6761666,
zoosk.com,https://dating.zoosk.com/en-us/mbge01/670234/,stevenvantiger@hotmail.com,S6761666,
zulacasino.com,https://www.zulacasino.com/signup,Stevenvantiger1@gmail.com,8i6hxfVYE@K5vR.,
